epoch,steps,Accuracy,Accuracy_Threshold,F1,F1_Threshold,Precision,Recall,Average_Precision
1.0,54,0.8558322411533421,0.9693272,0.4425887265135699,0.94698995,0.2864864864864865,0.9724770642201835,0.25035796682948497
2.0,108,0.8741808650065531,0.9717026,0.5652173913043478,0.94477856,0.4015444015444015,0.9541284403669725,0.5600043095781071
3.0,162,0.8885976408912188,0.9808677,0.6075949367088608,0.9534129,0.463768115942029,0.8807339449541285,0.613049348870807
4.0,216,0.9069462647444299,0.9820124,0.6376811594202899,0.9478708,0.5269461077844312,0.8073394495412844,0.713483528618664
5.0,270,0.9108781127129751,0.98942244,0.6397306397306397,0.8239431,0.5053191489361702,0.8715596330275229,0.679798181997072
6.0,324,0.9134993446920052,0.98816955,0.6564885496183207,0.96360904,0.5620915032679739,0.7889908256880734,0.7398008966598939
